<?xml version="1.0" encoding="UTF-8"?>
<inputControl exportedWithPermissions="true">
    <folder>/ca_ppm/input_controls/report_specific</folder>
    <name>amountType</name>
    <version>0</version>
    <label>$R{AmountTypeKey}</label>
    <description>Amount Type</description>
    <creationDate>2019-05-19T17:32:51.067+04:00</creationDate>
    <updateDate>2019-05-19T17:32:51.067+04:00</updateDate>
    <type>3</type>
    <mandatory>true</mandatory>
    <readOnly>false</readOnly>
    <visible>true</visible>
    <listOfValues>
        <uri>/ca_ppm/input_controls/list_of_values/amountType</uri>
    </listOfValues>
</inputControl>
