<?xml version="1.0" encoding="UTF-8"?>
<inputControl exportedWithPermissions="true">
    <folder>/ca_ppm/input_controls/report_specific</folder>
    <name>includeInactiveResources</name>
    <version>0</version>
    <label>$R{IncludeInactiveResourcesKey}</label>
    <description>Include Inactive Resources?</description>
    <creationDate>2019-05-19T17:32:57.623+04:00</creationDate>
    <updateDate>2019-05-19T17:32:57.623+04:00</updateDate>
    <type>1</type>
    <mandatory>false</mandatory>
    <readOnly>false</readOnly>
    <visible>true</visible>
</inputControl>
