<?xml version="1.0" encoding="UTF-8"?>
<inputControl exportedWithPermissions="true">
    <folder>/ca_ppm/input_controls/common</folder>
    <name>projectOBSTypeKey_1</name>
    <version>0</version>
    <label>$R{ProjectOBSTypeKey}</label>
    <description>Project OBS Type</description>
    <creationDate>2019-05-19T17:32:39.610+04:00</creationDate>
    <updateDate>2019-05-19T17:32:39.610+04:00</updateDate>
    <type>4</type>
    <mandatory>false</mandatory>
    <readOnly>false</readOnly>
    <visible>true</visible>
    <query>
        <uri>/ca_ppm/input_controls/queries/projectOBSType</uri>
    </query>
    <queryVisibleColumn>obs_type</queryVisibleColumn>
    <queryValueColumn>obs_type_key</queryValueColumn>
</inputControl>
