<?xml version="1.0" encoding="UTF-8"?>
<inputControl exportedWithPermissions="true">
    <folder>/ca_ppm/input_controls/common</folder>
    <name>projectManagerKey_1</name>
    <version>0</version>
    <label>$R{ProjectManagerKey}</label>
    <description>Project Manager  (Cascading Populate Project Manager)</description>
    <creationDate>2019-05-19T17:32:39.423+04:00</creationDate>
    <updateDate>2019-05-19T17:32:39.423+04:00</updateDate>
    <type>7</type>
    <mandatory>false</mandatory>
    <readOnly>false</readOnly>
    <visible>true</visible>
    <query>
        <uri>/ca_ppm/input_controls/queries/projectManager</uri>
    </query>
    <queryVisibleColumn>resource_name</queryVisibleColumn>
    <queryVisibleColumn>resource_id</queryVisibleColumn>
    <queryValueColumn>resource_key</queryValueColumn>
</inputControl>
