<?xml version="1.0" encoding="UTF-8"?>
<inputControl exportedWithPermissions="true">
    <folder>/ca_ppm/input_controls/common</folder>
    <name>projectOBSUnitKey_1</name>
    <version>0</version>
    <label>$R{ProjectOBSUnitKey}</label>
    <description>Project OBS Unit (Cascading Project OBS Type)</description>
    <creationDate>2019-05-19T17:32:39.763+04:00</creationDate>
    <updateDate>2019-05-19T17:32:39.763+04:00</updateDate>
    <type>4</type>
    <mandatory>false</mandatory>
    <readOnly>false</readOnly>
    <visible>true</visible>
    <query>
        <uri>/ca_ppm/input_controls/queries/projectOBSUnit</uri>
    </query>
    <queryVisibleColumn>obs_display_name</queryVisibleColumn>
    <queryValueColumn>obs_unit_key</queryValueColumn>
</inputControl>
