<?xml version="1.0" encoding="UTF-8"?>
<inputControl exportedWithPermissions="true">
    <folder>/ca_ppm/input_controls/common</folder>
    <name>projectKey_1</name>
    <version>0</version>
    <label>$R{ProjectKey}</label>
    <description>Project  (Cascading Populate Project, OBS Unit, Project Manager, and Include Inactive Projects)</description>
    <creationDate>2019-05-19T17:32:39.227+04:00</creationDate>
    <updateDate>2019-05-19T17:32:39.227+04:00</updateDate>
    <type>7</type>
    <mandatory>false</mandatory>
    <readOnly>false</readOnly>
    <visible>true</visible>
    <query>
        <uri>/ca_ppm/input_controls/queries/project</uri>
    </query>
    <queryVisibleColumn>investment_name</queryVisibleColumn>
    <queryVisibleColumn>investment_id</queryVisibleColumn>
    <queryValueColumn>investment_key</queryValueColumn>
</inputControl>
