<?xml version="1.0" encoding="UTF-8"?>
<inputControl exportedWithPermissions="true">
    <folder>/ca_ppm/input_controls/common</folder>
    <name>projectStatusKey_1</name>
    <version>0</version>
    <label>$R{ProjectStatusKey}</label>
    <description>Project Status</description>
    <creationDate>2019-05-19T17:32:40.513+04:00</creationDate>
    <updateDate>2019-05-19T17:32:40.513+04:00</updateDate>
    <type>7</type>
    <mandatory>false</mandatory>
    <readOnly>false</readOnly>
    <visible>true</visible>
    <query>
        <uri>/ca_ppm/input_controls/queries/projectStatus</uri>
    </query>
    <queryVisibleColumn>investment_status</queryVisibleColumn>
    <queryValueColumn>investment_status_key</queryValueColumn>
</inputControl>
