<?xml version="1.0" encoding="UTF-8"?>
<inputControl exportedWithPermissions="true">
    <folder>/ca_ppm/input_controls/common</folder>
    <name>riskIssueChangePriorityKey_1</name>
    <version>0</version>
    <label>$R{RiskIssueAndChangeRequestPriorityKey}</label>
    <description>Risk, Issue, and Change Request Priority</description>
    <creationDate>2019-05-19T17:32:41.750+04:00</creationDate>
    <updateDate>2019-05-19T17:32:41.750+04:00</updateDate>
    <type>7</type>
    <mandatory>true</mandatory>
    <readOnly>false</readOnly>
    <visible>true</visible>
    <query>
        <uri>/ca_ppm/input_controls/queries/riskIssueChangePriority</uri>
    </query>
    <queryVisibleColumn>rim_priority</queryVisibleColumn>
    <queryValueColumn>rim_priority_key</queryValueColumn>
</inputControl>
