<?xml version="1.0" encoding="UTF-8"?>
<inputControl exportedWithPermissions="true">
    <folder>/ca_ppm/input_controls/common</folder>
    <name>riskIssueChangeStatusKey_1</name>
    <version>0</version>
    <label>$R{RiskIssueAndChangeRequestStatusKey}</label>
    <description>Risk, Issue, and Change Request Status</description>
    <creationDate>2019-05-19T17:32:42.003+04:00</creationDate>
    <updateDate>2019-05-19T17:32:42.003+04:00</updateDate>
    <type>7</type>
    <mandatory>true</mandatory>
    <readOnly>false</readOnly>
    <visible>true</visible>
    <query>
        <uri>/ca_ppm/input_controls/queries/riskIssueChangeStatusKey</uri>
    </query>
    <queryVisibleColumn>rim_status</queryVisibleColumn>
    <queryValueColumn>rim_status_key</queryValueColumn>
</inputControl>
