<?xml version="1.0" encoding="UTF-8"?>
<inputControl exportedWithPermissions="true">
    <folder>/ca_ppm/input_controls/common</folder>
    <name>workStatusKey_1</name>
    <version>0</version>
    <label>$R{WorkStatusKey}</label>
    <description>Work Status</description>
    <creationDate>2019-05-19T17:32:44.030+04:00</creationDate>
    <updateDate>2019-05-19T17:32:44.030+04:00</updateDate>
    <type>7</type>
    <mandatory>false</mandatory>
    <readOnly>false</readOnly>
    <visible>true</visible>
    <query>
        <uri>/ca_ppm/input_controls/queries/workStatus</uri>
    </query>
    <queryVisibleColumn>work_status</queryVisibleColumn>
    <queryValueColumn>work_status_key</queryValueColumn>
</inputControl>
