<?xml version="1.0" encoding="UTF-8"?>
<folder exportedWithPermissions="true">
    <parent>/ca_ppm/resources</parent>
    <name>localization</name>
    <label>Localization</label>
    <description>Localization</description>
    <creationDate>2019-05-19T17:32:05.717+04:00</creationDate>
    <updateDate>2019-05-19T17:32:05.717+04:00</updateDate>
    <permission>
        <permissionMask>2</permissionMask>
        <recipient tenantId="gpssa" recipientType="role">ROLE_REPORT_DESIGNER</recipient>
    </permission>
    <permission>
        <permissionMask>2</permissionMask>
        <recipient tenantId="gpssa" recipientType="role">ROLE_ADHOC_DESIGNER</recipient>
    </permission>
</folder>
