<?xml version="1.0" encoding="UTF-8"?>
<fileResource exportedWithPermissions="true" dataFile="CSK_Report_Resource_Bundle_fi.properties.data">
    <folder>/ca_ppm/resources/localization</folder>
    <name>CSK_Report_Resource_Bundle_fi.properties</name>
    <version>0</version>
    <label>Report Resource Bundle (Finnish)</label>
    <description>Report Resource Bundle (Finnish)</description>
    <creationDate>2019-05-19T17:33:08.217+04:00</creationDate>
    <updateDate>2019-05-19T17:33:08.217+04:00</updateDate>
    <fileType>prop</fileType>
</fileResource>
