<?xml version="1.0" encoding="UTF-8"?>
<query exportedWithPermissions="true">
    <folder>/ca_ppm/input_controls/queries</folder>
    <name>projectOBSType</name>
    <version>0</version>
    <label>Project OBS Type</label>
    <description>Project OBS Type</description>
    <creationDate>2019-05-19T17:32:39.577+04:00</creationDate>
    <updateDate>2019-05-19T17:32:39.577+04:00</updateDate>
    <language>sql</language>
    <queryString>SELECT DISTINCT obs.obs_type_key AS obs_type_key,
       obs.obs_type_id AS obs_type_id,
       obs.obs_type AS obs_type
FROM   dwh_lkp_obs_unit obs 
WHERE  obs.is_investment_obs = 1
ORDER BY obs.obs_type</queryString>
    <dataSource>
        <uri>/ca_ppm/data_sources/CA_PPM_DWH_BEAN</uri>
    </dataSource>
</query>
