<?xml version="1.0" encoding="UTF-8"?>
<query exportedWithPermissions="true">
    <folder>/ca_ppm/input_controls/queries</folder>
    <name>projectManager</name>
    <version>0</version>
    <label>Project Manager</label>
    <description>Project Manager</description>
    <creationDate>2019-05-19T17:32:39.393+04:00</creationDate>
    <updateDate>2019-05-19T17:32:39.393+04:00</updateDate>
    <language>sql</language>
    <queryString>SELECT DISTINCT r.resource_key AS resource_key,
       r.resource_id AS resource_id,
       r.resource_name AS resource_name            
FROM   dwh_res_resource r
       INNER JOIN dwh_inv_investment m ON r.resource_key = m.investment_manager_key
WHERE  $P{populateProjectManager} = 1
AND    r.is_role = 0
AND    r.is_active = 1
AND    m.investment_type_key = 'project'
AND    EXISTS (SELECT 1
               FROM   dwh_res_security_v
               WHERE  user_uid = $P{LoggedInUsername}
               AND    resource_key = r.resource_key)
ORDER BY r.resource_name</queryString>
    <dataSource>
        <uri>/ca_ppm/data_sources/CA_PPM_DWH_BEAN</uri>
    </dataSource>
</query>
