<?xml version="1.0" encoding="UTF-8"?>
<query exportedWithPermissions="true">
    <folder>/ca_ppm/input_controls/queries</folder>
    <name>projectStatus</name>
    <version>0</version>
    <label>Project Status</label>
    <description>Project Status</description>
    <creationDate>2019-05-19T17:32:38.950+04:00</creationDate>
    <updateDate>2019-05-19T17:32:38.950+04:00</updateDate>
    <language>sql</language>
    <queryString>SELECT DISTINCT lkp.investment_status_key AS investment_status_key,
       lkp.investment_status AS investment_status,
       lkp.sort_order AS sort_order
FROM   dwh_lkp_investment_status lkp
       INNER JOIN dwh_inv_investment i ON i.investment_status_key = lkp.investment_status_key
WHERE  1=1
AND    lkp.is_active = 1
AND    i.investment_type_key = 'project' 
AND    lkp.language_code = $P{LoggedInUserAttribute_ppmUserLanguage}
ORDER  BY  lkp.investment_status</queryString>
    <dataSource>
        <uri>/ca_ppm/data_sources/CA_PPM_DWH_BEAN</uri>
    </dataSource>
</query>
