<?xml version="1.0" encoding="UTF-8"?>
<query exportedWithPermissions="true">
    <folder>/ca_ppm/input_controls/queries</folder>
    <name>project</name>
    <version>0</version>
    <label>Project</label>
    <description>Project</description>
    <creationDate>2019-05-19T17:32:39.177+04:00</creationDate>
    <updateDate>2019-05-19T17:32:39.177+04:00</updateDate>
    <language>sql</language>
    <queryString>SELECT i.investment_key AS investment_key,
       i.investment_id AS investment_id,
       i.investment_name AS investment_name,
       UPPER(investment_name) AS sort_order          
FROM   dwh_inv_security_v s
       INNER JOIN dwh_inv_investment i ON  s.investment_key = i.investment_key
                                       AND i.is_template = 0
                                       AND (i.is_active = CASE WHEN $P{includeInactiveProjects} = 1 THEN i.is_active ELSE 1 END)
                                       AND $X{IN, i.investment_manager_key, projectManagerKey_1}
       INNER JOIN dwh_inv_project p ON  i.investment_key = p.investment_key
                                    AND p.is_program = 0
       LEFT OUTER JOIN (SELECT DISTINCT obsm.investment_key
                        FROM   dwh_inv_obs_mapping obsm
                               INNER JOIN dwh_cmn_obs_hierarchy obsh ON obsm.obs_unit_key = obsh.child_obs_unit_key
                        WHERE  obsh.parent_obs_unit_key = $P!{dwhDBSchema}.dwh_null_number_fct($P{projectOBSUnitKey_1},0)) x ON i.investment_key = x.investment_key
WHERE  $P{populateProject} = 1
AND    s.user_uid = $P{LoggedInUsername}
AND   ($P{projectOBSUnitKey_1} IS NULL
OR    ($P{projectOBSUnitKey_1} IS NOT NULL AND x.investment_key = i.investment_key))
ORDER BY UPPER(i.investment_name)</queryString>
    <dataSource>
        <uri>/ca_ppm/data_sources/CA_PPM_DWH_BEAN</uri>
    </dataSource>
</query>
