<?xml version="1.0" encoding="UTF-8"?>
<query exportedWithPermissions="true">
    <folder>/ca_ppm/input_controls/queries</folder>
    <name>projectOBSUnit</name>
    <version>0</version>
    <label>Project OBS Unit</label>
    <description>Project OBS Unit</description>
    <creationDate>2019-05-19T17:32:39.733+04:00</creationDate>
    <updateDate>2019-05-19T17:32:39.733+04:00</updateDate>
    <language>sql</language>
    <queryString>SELECT obs.obs_unit_key AS obs_unit_key,
       obs.obs_unit AS obs_unit,
       obs.obs_path AS obs_display_name,
       obs.hierarchy_level AS hierarchy_level 
FROM   dwh_lkp_obs_unit obs 
WHERE  obs.is_investment_obs = 1
AND    obs.obs_type_key = $P{projectOBSTypeKey_1}
ORDER BY obs.hierarchy_level</queryString>
    <dataSource>
        <uri>/ca_ppm/data_sources/CA_PPM_DWH_BEAN</uri>
    </dataSource>
</query>
