<?xml version="1.0" encoding="UTF-8"?>
<query exportedWithPermissions="true">
    <folder>/ca_ppm/input_controls/queries</folder>
    <name>riskIssueChangeStatusKey</name>
    <version>0</version>
    <label>Risk, Issue, and Change Request Status</label>
    <description>Risk, Issue, and Change Request Status</description>
    <creationDate>2019-05-19T17:32:41.950+04:00</creationDate>
    <updateDate>2019-05-19T17:32:41.950+04:00</updateDate>
    <language>sql</language>
    <queryString>SELECT lkp.rim_status_key AS rim_status_key,
       lkp.rim_status AS rim_status,
       lkp.sort_order AS sort_order
FROM   dwh_lkp_rim_status lkp
WHERE  lkp.is_active = 1
AND    lkp.language_code = $P{LoggedInUserAttribute_ppmUserLanguage}
ORDER BY lkp.sort_order</queryString>
    <dataSource>
        <uri>/ca_ppm/data_sources/CA_PPM_DWH_BEAN</uri>
    </dataSource>
</query>
