<?xml version="1.0" encoding="UTF-8"?>
<query exportedWithPermissions="true">
    <folder>/ca_ppm/input_controls/queries</folder>
    <name>workStatus</name>
    <version>0</version>
    <label>Work Status</label>
    <description>Work Status</description>
    <creationDate>2019-05-19T17:32:43.997+04:00</creationDate>
    <updateDate>2019-05-19T17:32:43.997+04:00</updateDate>
    <language>sql</language>
    <queryString>SELECT lkp.work_status_key AS work_status_key,
       lkp.work_status AS work_status,
       lkp.sort_order AS sort_order
FROM   dwh_lkp_work_status lkp
WHERE  lkp.is_active = 1
AND    lkp.language_code = $P{LoggedInUserAttribute_ppmUserLanguage}
ORDER BY lkp.sort_order</queryString>
    <dataSource>
        <uri>/ca_ppm/data_sources/CA_PPM_DWH_BEAN</uri>
    </dataSource>
</query>
