<?xml version="1.0" encoding="UTF-8"?>
<listOfValues exportedWithPermissions="true">
    <folder>/ca_ppm/input_controls/list_of_values</folder>
    <name>amountType</name>
    <version>0</version>
    <label>Amount Type</label>
    <description>Hours, Cost</description>
    <creationDate>2019-05-19T17:32:44.217+04:00</creationDate>
    <updateDate>2019-05-19T17:32:44.217+04:00</updateDate>
    <item>
        <itemLabel>$R{HoursKey}</itemLabel>
        <itemValue xmlns:xsi="http://www.w3.org/2001/XMLSchema-instance"
            xmlns:java="http://java.sun.com" xsi:type="java:java.lang.String">Hours</itemValue>
    </item>
    <item>
        <itemLabel>$R{CostKey}</itemLabel>
        <itemValue xmlns:xsi="http://www.w3.org/2001/XMLSchema-instance"
            xmlns:java="http://java.sun.com" xsi:type="java:java.lang.String">Cost</itemValue>
    </item>
</listOfValues>
