<?xml version="1.0" encoding="UTF-8"?>
<fileResource exportedWithPermissions="true" dataFile="CSK_PRJ_ProjectStatusDetails_Dependencies.data">
    <folder>/Custom/Resources</folder>
    <name>CSK_PRJ_ProjectStatusDetails_Dependencies</name>
    <version>53</version>
    <label>Dependencies - Project Status Report</label>
    <description></description>
    <creationDate>2019-05-31T14:29:30.177+04:00</creationDate>
    <updateDate>2019-07-02T10:17:00.087+04:00</updateDate>
    <fileType>jrxml</fileType>
</fileResource>
