<?xml version="1.0" encoding="UTF-8"?>
<fileResource exportedWithPermissions="true" dataFile="CSK_PRJ_ProjectStatusDetail_ChangeRequests_Subreport.data">
    <folder>/Custom/Resources</folder>
    <name>CSK_PRJ_ProjectStatusDetail_ChangeRequests_Subreport</name>
    <version>3</version>
    <label>Change Request Details - Project Status Report</label>
    <description>Project</description>
    <creationDate>2019-05-29T15:41:25.587+04:00</creationDate>
    <updateDate>2019-06-27T11:06:19.943+04:00</updateDate>
    <fileType>jrxml</fileType>
</fileResource>
