<?xml version="1.0" encoding="UTF-8"?>
<fileResource exportedWithPermissions="true" dataFile="CSK_PRJ_ProjectStatusDetail_Risks_Subreport.data">
    <folder>/Custom/Resources</folder>
    <name>CSK_PRJ_ProjectStatusDetail_Risks_Subreport</name>
    <version>2</version>
    <label>Risk Details - Project Status Report</label>
    <description>Project </description>
    <creationDate>2019-05-29T15:46:17.750+04:00</creationDate>
    <updateDate>2019-06-27T11:19:21.687+04:00</updateDate>
    <fileType>jrxml</fileType>
</fileResource>
