<?xml version="1.0" encoding="UTF-8"?>
<fileResource exportedWithPermissions="true" dataFile="CSK_PRJ_ProjectStatusDetail_Milestones_Subreport.data">
    <folder>/Custom/Resources</folder>
    <name>CSK_PRJ_ProjectStatusDetail_Milestones_Subreport</name>
    <version>2</version>
    <label>Milestones Details - Project Status Report</label>
    <description>Project</description>
    <creationDate>2019-05-29T15:44:41.347+04:00</creationDate>
    <updateDate>2019-06-27T11:15:07.167+04:00</updateDate>
    <fileType>jrxml</fileType>
</fileResource>
