<?xml version="1.0" encoding="UTF-8"?>
<folder exportedWithPermissions="true">
    <parent>/ca_ppm</parent>
    <name>data_sources</name>
    <label>Data Sources</label>
    <description>Data Sources</description>
    <creationDate>2019-05-19T17:32:03.043+04:00</creationDate>
    <updateDate>2019-05-19T17:32:03.043+04:00</updateDate>
    <permission>
        <permissionMask>0</permissionMask>
        <recipient tenantId="gpssa" recipientType="role">CSK_ROLE_TIME_MANAGEMENT</recipient>
    </permission>
    <permission>
        <permissionMask>0</permissionMask>
        <recipient tenantId="gpssa" recipientType="role">CSK_ROLE_FINANCIAL_MANAGEMENT</recipient>
    </permission>
    <permission>
        <permissionMask>0</permissionMask>
        <recipient tenantId="gpssa" recipientType="role">CSK_ROLE_PROJECT_MANAGEMENT</recipient>
    </permission>
    <permission>
        <permissionMask>2</permissionMask>
        <recipient tenantId="gpssa" recipientType="role">ROLE_DOMAIN_DESIGNER</recipient>
    </permission>
    <permission>
        <permissionMask>0</permissionMask>
        <recipient tenantId="gpssa" recipientType="role">CSK_ROLE_ADMINISTRATION</recipient>
    </permission>
    <permission>
        <permissionMask>32</permissionMask>
        <recipient tenantId="gpssa" recipientType="role">ROLE_ADHOC_DESIGNER</recipient>
    </permission>
    <permission>
        <permissionMask>0</permissionMask>
        <recipient tenantId="gpssa" recipientType="role">CSK_ROLE_RESOURCE_MANAGEMENT</recipient>
    </permission>
    <permission>
        <permissionMask>0</permissionMask>
        <recipient tenantId="gpssa" recipientType="role">CSK_ROLE_PROGRAM_MANAGEMENT</recipient>
    </permission>
    <permission>
        <permissionMask>0</permissionMask>
        <recipient tenantId="gpssa" recipientType="role">CSK_ROLE_APPLICATION_MANAGEMENT</recipient>
    </permission>
    <permission>
        <permissionMask>0</permissionMask>
        <recipient tenantId="gpssa" recipientType="role">CSK_ROLE_IDEA_MANAGEMENT</recipient>
    </permission>
    <permission>
        <permissionMask>0</permissionMask>
        <recipient tenantId="gpssa" recipientType="role">CSK_ROLE_ALL_REPORTS_DOMAINS</recipient>
    </permission>
    <permission>
        <permissionMask>0</permissionMask>
        <recipient tenantId="gpssa" recipientType="role">CSK_ROLE_CUSTOM_MASTER_OBJECTS</recipient>
    </permission>
    <permission>
        <permissionMask>2</permissionMask>
        <recipient tenantId="gpssa" recipientType="role">ROLE_REPORT_DESIGNER</recipient>
    </permission>
    <permission>
        <permissionMask>30</permissionMask>
        <recipient tenantId="gpssa" recipientType="role">ROLE_DATASOURCE_DESIGNER</recipient>
    </permission>
    <permission>
        <permissionMask>0</permissionMask>
        <recipient tenantId="gpssa" recipientType="role">CSK_ROLE_INVESTMENT_MANAGEMENT</recipient>
    </permission>
</folder>
