<?xml version="1.0" encoding="UTF-8"?>
<beanDataSource exportedWithPermissions="true">
    <folder>/ca_ppm/data_sources</folder>
    <name>CA_PPM_DWH_BEAN</name>
    <version>0</version>
    <label>CA PPM DWH BEAN</label>
    <description>CA PPM Data Warehouse Bean Data Source</description>
    <creationDate>2019-05-19T17:32:06.060+04:00</creationDate>
    <updateDate>2019-05-19T17:32:06.060+04:00</updateDate>
    <beanName>dwhDataSource</beanName>
    <beanMethod>createService</beanMethod>
</beanDataSource>
